text|raw_text|lang|font|sentiment|impact_intensity|impact_term
JPMorgan Chase Take First Republic Bank 's Assets ; Consensus 2023 Highlights|JPMorgan Chase to Take Over Most of First Republic Bank's Assets; Consensus 2023 Highlights|eng|CoinDesk|neutro|alto|longo
Fed : rate cuts seen year – UOB|Fed: No rate cuts seen this year – UOB|eng|FXStreet|negativo|alto|curto
Eli Lilly Alzheimer ’ treatment donanemab slowed disease progression clinical trial|Eli Lilly Alzheimer’s treatment donanemab slowed disease progression in clinical trial|eng|CNBC|positivo|alto|curto
$ 1 trillion platinum coin could save US economic catastrophe less month . would fast , legal , bigger regular coin .|A $1 trillion platinum coin could save the US from economic catastrophe in less than a month. It would be fast, legal, and no bigger than a regular coin.|eng|Yahoo News|neutro|alto|curto
Debt ceiling solution : $ 1 trillion platinum coin could stop crisis|Debt ceiling solution: $1 trillion platinum coin could stop crisis|eng|Business Insider|neutro|alto|curto
Stellantis Q1 : Sales jump 14 % higher prices|Stellantis Q1: Sales jump 14% on higher prices|eng|Automotive News|positivo|alto|curto
's expect today 's Federal Reserve announcement|Here's what to expect from today's Federal Reserve announcement|eng|CNBC|neutro|alto|curto
Ford 's profit rises truck demand EV outlook sends shares lower|Ford's profit rises on truck demand but EV outlook sends shares lower|eng|Fox Business|negativo|alto|curto
Whale Moves $ 504,000,000 Ethereum One Massive Transfer – ’ Crypto|Whale Moves Over $504,000,000 in Ethereum in One Massive Transfer – Here’s Where the Crypto Is Now|eng|The Daily Hodl|neutro|alto|curto
Morning Bid : Bank reverb frames Fed decision|Morning Bid: Bank reverb frames Fed decision|eng|Reuters|neutro|alto|curto
Microsoft Economist Warns Bad Actors Use AI Cause Damage|Microsoft Economist Warns Bad Actors Will Use AI to Cause Damage|eng|msnNOW|negativo|alto|longo
Brent Oil Slips $ 75 Demand , Slowdown Concerns|Brent Oil Slips Below $75 on Demand, Slowdown Concerns|eng|Bloomberg Television|negativo|alto|curto
Job openings near two-year low layoffs jump World Business Watch WION|Job openings near two-year low as layoffs jump  World Business Watch  WION|eng|WION|negativo|alto|curto
Ethereum Price Prediction $ 8 Billion Trading Volume Comes – Whales Accumulating ?|Ethereum Price Prediction as $8 Billion Trading Volume Comes In – Are Whales Accumulating?|eng|Cryptonews|neutro|alto|curto
Uber zooms past Q1 earnings estimates World Business Watch WION|Uber zooms past Q1 earnings estimates  World Business Watch  WION|eng|WION|positivo|alto|curto
Signs stress start build markets debt ceiling deadline looms|Signs of stress start to build in markets as debt ceiling deadline looms|eng|Washington Examiner|negativo|alto|curto
Top banking CEO warns volatility predicts U.S. rescues|Top banking CEO warns of further volatility and predicts more U.S. rescues|eng|CNBC|negativo|alto|curto
Fear & Greed Index Moves ‘ Neutral ’ Zone Ahead Fed Rate Decision - Ford Motor ( NYSE : F ) , Kraft Heinz|Fear & Greed Index Moves To ‘Neutral’ Zone Ahead Of Fed Rate Decision - Ford Motor (NYSE:F), Kraft Heinz|eng|Benzinga|neutro|alto|curto
Fed Preview : Crypto Observers Believe Bitcoin Rally May Stall Powell Signal End Tightening|Fed Preview: Crypto Observers Believe Bitcoin Rally May Stall if Powell Does Not Signal End of Tightening|eng|CoinDesk|neutro|alto|curto
Bitcoin Rises Ahead Fed Decision . Next Move Rates Key Cryptos .|Bitcoin Rises Ahead of Fed Decision. The Next Move on Rates Is Key for Cryptos.|eng|Barron's|neutro|alto|curto
Fed Preview : Crypto Observers Believe Bitcoin Rally May Stall Powell Signal End Tightening|Fed Preview: Crypto Observers Believe Bitcoin Rally May Stall if Powell Does not Signal End of Tightening|eng|CoinDesk|neutro|alto|curto
Could Underwater ETH Stakers Become Threat Crypto Market|Could Underwater ETH Stakers Become a Threat to Crypto Market|eng|BeInCrypto|negativo|alto|longo
Hindenburg Research targeted Carl Icahn 's investment fund|Hindenburg Research targeted Carl Icahn's investment fund|eng|Quartz|negativo|alto|curto
Two market watchers discuss latest Fed decision impact stocks|Two market watchers discuss how the latest Fed decision will impact stocks|eng|CNBC Television|neutro|alto|curto
Next Fed Announcement Bullish Bearish ?|Will the Next Fed Announcement Be Bullish or Bearish?|eng|Entrepreneur|neutro|alto|curto
Apple results could mark weak finish Big Tech earnings|Apple results could mark weak finish to Big Tech earnings|eng|Yahoo Finance|negativo|alto|curto
Brent test $ 70 macro concerns overtake long-term fundamentals – Rabobank|Brent to test $70 as macro concerns overtake long-term fundamentals – Rabobank|eng|FXStreet|negativo|alto|curto
WWE® Reports First Quarter 2023 Results – World Wrestling Entertainment Inc .|WWE® Reports First Quarter 2023 Results – World Wrestling Entertainment Inc.|eng|WWE Corporate|neutro|alto|longo
Estee Lauder slashes full-year forecasts amid Asia travel sales slowdown ( NYSE : EL )|Estee Lauder slashes full-year forecasts amid Asia travel sales slowdown (NYSE:EL)|eng|Seeking Alpha|negativo|alto|curto
Mortgage demand drops bank failures hit jumbo loan rates|Mortgage demand drops as bank failures hit jumbo loan rates|eng|CNBC|negativo|alto|curto
Estee Lauder sinks dour 2023 outlook due slow recovery Asia|Estee Lauder sinks after dour 2023 outlook due to slow recovery in Asia|eng|Yahoo Finance|negativo|alto|curto
Senate hold hearing bank failures week following First Republic collapse|Senate to hold hearing on bank failures this week following First Republic collapse|eng|Fox Business|neutro|alto|curto
CVS beats Q1 expectations , cuts outlook buying spree|CVS beats Q1 expectations, cuts outlook after buying spree|eng|Yahoo Finance|neutro|alto|curto
US regional lenders slump banking turmoil fears brew|US regional lenders slump as banking turmoil fears brew|eng|ZAWYA|negativo|alto|curto
Home prices rise due worsening inventory shortage|Home prices on the rise again due to worsening inventory shortage|eng|Fox Business|negativo|alto|curto
Stellantis says easing chip crunch boosts sales|Stellantis says easing chip crunch boosts sales|eng|Legit.ng|positivo|alto|curto
Carl Icahn Hunter Become Hunted|Carl Icahn the Hunter Has Become the Hunted|eng|Bloomberg|neutro|alto|neutro
ELAHERE® Demonstrates Overall Survival Benefit Phase 3 MIRASOL Trial Patients FRα-Positive Platinum-Resistant Ovarian Cancer|ELAHERE® Demonstrates Overall Survival Benefit in the Phase 3 MIRASOL Trial in Patients with FRα-Positive Platinum-Resistant Ovarian Cancer|eng|Yahoo Finance|positivo|alto|longo
Liquid Staking : Crypto 's New Phantom Money Machine|Liquid Staking: Crypto's New Phantom Money Machine|eng|Forbes|neutro|alto|neutro
Podcast : Back future high Fed rates . ?|Podcast: Back to the future with high Fed rates. Then what?|eng|Reuters|neutro|alto|longo
Watch Federal Reserve Rate Decision|What to Watch for in the Federal Reserve Rate Decision|eng|Bloomberg Television|neutro|alto|curto
CVS beats earnings revenue lowers profit outlook|CVS beats on earnings and revenue but lowers profit outlook|eng|CNBC|neutro|alto|curto
CVS Health cuts full-year income guidance due higher acquistion costs Investing.com|CVS Health cuts full-year income guidance due to higher acquistion costs By Investing.com|eng|Investing.com|negativo|alto|curto
Crude Oil Prices Five-Week Low Buy ? Commodities Live|Crude Oil Prices At Five-Week Low  Should You Buy?  Commodities Live|eng|moneycontrol|negativo|alto|curto
Treasury yields fall investors await Fed interest rate decision|Treasury yields fall as investors await Fed interest rate decision|eng|CNBC|neutro|alto|curto
Biden 's housing financing could lead economic disaster|Biden's housing financing could lead to economic disaster|eng|Washington Examiner|negativo|alto|longo
Fintechs tout ways invest business clients ' cash FDIC limits|Fintechs tout ways to invest business clients' cash above FDIC limits|eng|American Banker|neutro|alto|curto
Icahn 's Wealth Plunges $ 10 Billion Short Report|Icahn's Wealth Plunges $10 Billion on Short Report|eng|Bloomberg Television|negativo|alto|curto
Apple reportedly attracted $ 1 billion deposits new high-yield savings account 4 days|Apple reportedly attracted $1 billion in deposits into its new high-yield savings account in just 4 days|eng|Yahoo Finance|positivo|alto|curto
Massive amount funds reportedly poured Apple high-yield savings accounts upon rollout|Massive amount of funds reportedly poured into Apple high-yield savings accounts upon rollout|eng|Fox Business|positivo|alto|curto
US stock Indexes fall regional banks tumble|US stock Indexes fall as regional banks tumble|eng|Reuters|negativo|alto|curto
WTI Price Analysis : Bloodbath continue amid US recession fears debt ceiling woes|WTI Price Analysis: Bloodbath to continue amid US recession fears and debt ceiling woes|eng|FXStreet|negativo|alto|curto
Global commercial real-estate stock Life Science REIT could rise 60 % : Jefferies|Global commercial real-estate stock Life Science REIT could rise by 60%: Jefferies|eng|CNBC|positivo|alto|longo
Gold firms $ 2,000 Fed anxiety , bank rout boost safe havens Investing.com|Gold firms above $2,000 as Fed anxiety, bank rout boost safe havens By Investing.com|eng|Investing.com|positivo|alto|curto
Balaji pays crazy $ 1M Bitcoin bet , 97 % price target|Balaji pays out his crazy $1M Bitcoin bet, 97% under price target|eng|Cointelegraph|negativo|alto|curto
Daily Skimm : Shein hot water US lawmakers try verify fast-fashion company n't depend forced labor .|Daily Skimm: Shein is in hot water as US lawmakers try to verify the fast-fashion company doesn't depend on forced labor.|eng|theSkimm|negativo|alto|curto
AJR Trucking Announces Order 50 Nikola Tre FCEVs|AJR Trucking Announces Order for 50 Nikola Tre FCEVs|eng|Nikola Motor|positivo|alto|curto
Ford Loses Nearly $ 60000 Every Electric Vehicle Sold|Ford Loses Nearly $60000 for Every Electric Vehicle Sold|eng|TheStreet|negativo|alto|curto
Jim Cramer breaks four hurdles facing stock market|Jim Cramer breaks down four hurdles facing the stock market|eng|CNBC Television|neutro|alto|curto
Bitcoin Climbs $ 28.5K Investors Weigh Fresh Bank Woes , Cool Jobs Data|Bitcoin Climbs Above $28.5K as Investors Weigh Fresh Bank Woes, Cool Jobs Data|eng|CoinDesk|neutro|alto|curto
's Much $ 100 Invested Bitcoin Today Worth Crypto Hits New All-Time Highs|Here's How Much $100 Invested In Bitcoin Today Will Be Worth If Crypto Hits New All-Time Highs|eng|Benzinga|neutro|alto|curto
new federal rules could impact New Jersey housing market|How new federal rules could impact New Jersey housing market|eng|Eyewitness News ABC7NY|neutro|alto|curto
100-Plus Lewis Brisbois Lawyers Exit New Employment Firm ( 1 )|100-Plus Lewis Brisbois Lawyers Exit for New Employment Firm (1)|eng|Bloomberg Law|neutro|alto|curto
Nike , Adidas , Shein , Temu Sent Letter House China Committee Forced Labor|Nike, Adidas, Shein, Temu Sent Letter From House China Committee About Forced Labor|eng|Forbes|neutro|alto|neutro
2-year Treasury yield slides Fed signals potential rate hike pause|2-year Treasury yield slides after Fed signals potential rate hike pause|eng|CNBC|neutro|alto|curto
Nordstrom close Downtown San Francisco stores , company confirms|Nordstrom to close both Downtown San Francisco stores, company confirms|eng|ABC7 News Bay Area|negativo|alto|curto
new change affect buying house mortgage|A new change will affect buying a house with a mortgage|eng|KAIT|neutro|alto|curto
Morgan Stanley plans cut 3000 jobs amid worsening economic outlook World Business Watch|Morgan Stanley plans to cut 3000 jobs amid worsening economic outlook  World Business Watch|eng|WION|negativo|alto|curto
# MARKETTODAY Indigo , Spicejet Shares Surge Amid GoFirst Bankruptcy . Invest ?|#MARKETTODAY  Indigo, Spicejet Shares Surge Amid GoFirst Bankruptcy. Should You Invest?|eng|Business Today|positivo|alto|curto
SoFi Stock : Gift $ 5 , Q1 earnings ( NASDAQ : SOFI )|SoFi Stock: A Gift Below $5, After Q1 earnings (NASDAQ:SOFI)|eng|Seeking Alpha|positivo|alto|curto
killed First Republic ? Failure gather deposits 'digital scale '|What killed First Republic? Failure to gather deposits at 'digital scale'|eng|American Banker|negativo|alto|longo
regional bank crisis hits U.S. economy|How the regional bank crisis hits the U.S. economy|eng|Axios|negativo|alto|longo
Market close : NZ shares slump US banking worries|Market close: NZ shares slump on US banking worries|eng|New Zealand Herald|negativo|alto|curto
Jim Cramer Identifies 4 Hurdles Facing Investors Today - Invesco QQQ Trust , Series 1 ( NASDAQ : QQQ ) , Apple|Jim Cramer Identifies 4 Hurdles Facing Investors Today - Invesco QQQ Trust, Series 1 (NASDAQ:QQQ), Apple|eng|Benzinga|neutro|alto|curto
Pandemic-sized euro surge boon ECB : Mike Dolan|Pandemic-sized euro surge now a boon for ECB: Mike Dolan|eng|ZAWYA|positivo|alto|curto
2 Stocks Fell Hard Hours Tuesday|2 Stocks That Fell Hard After Hours Tuesday|eng|The Motley Fool|negativo|alto|curto
Pandemic-sized euro surge boon ECB : Mike Dolan Reuters|Pandemic-sized euro surge now a boon for ECB: Mike Dolan By Reuters|eng|Investing.com|positivo|alto|curto
Coinbase steps U.S. international exchange|Coinbase steps out of the U.S. with an international exchange|eng|Axios|positivo|alto|neutro
Nordstrom shuts stores San Francisco bosses blame 'changing city dynamics '|Nordstrom shuts down all stores in San Francisco as bosses blame 'changing city dynamics'|eng|Daily Mail|negativo|alto|curto
WEF warns 14 million jobs vanish next 5 years|WEF warns that 14 million jobs will vanish in next 5 years|eng|"Anadolu Agency | English"|negativo|alto|longo
SEC vote boosting disclosures private funds , hedge funds|SEC to vote on boosting disclosures by private funds, hedge funds|eng|Reuters|neutro|alto|curto
Fed 's threshold rate cuts still looks 'incredibly high , ' JPMorgan says|The Fed's threshold for rate cuts still looks 'incredibly high,' JPMorgan says|eng|CNBC International TV|negativo|alto|neutro
Short investor Hindenburg erases fifth Icahn empire 's value|Short investor Hindenburg erases fifth of Icahn empire's value|eng|Reuters|negativo|alto|curto
Ford posts 'solid ' 1Q earnings Wall Street 's wary steep EV losses|Ford posts 'solid' 1Q earnings but Wall Street's wary over steep EV losses|eng|Detroit News|neutro|alto|curto
Pepe 's Pump Memecoin Fans Excited — Red Flags Abound|Pepe's Pump Has Memecoin Fans Excited — But Red Flags Abound|eng|Blockworks|neutro|alto|curto
Gold Futures : Door open recovery|Gold Futures: Door open to further recovery|eng|FXStreet|positivo|alto|curto
Oil plunge deepens concerns economy drive selloff|Oil plunge deepens as concerns over economy drive selloff|eng|Financial Post|negativo|alto|curto
India 's Go First cancels flights bankruptcy|India's Go First cancels flights after bankruptcy|eng|BBC|negativo|alto|curto
Bell : Regional Banks Sink , Icahn Shorted , Fed Rate Call Due|Before the Bell: Regional Banks Sink, Icahn Shorted, Fed Rate Call Due|eng|24/7 Wall St.|negativo|alto|curto
Stocks move higher ahead Fed rate hike decision|Stocks move higher ahead of Fed rate hike decision|eng|Yahoo Finance|positivo|alto|curto
Major Uptrend Accelerate Bitcoin ( BTC ) Stock Market , According Economist Henrik Zeberg|Major Uptrend About To Accelerate for Bitcoin (BTC) and Stock Market, According to Economist Henrik Zeberg|eng|The Daily Hodl|positivo|alto|longo
Fed expected hike rates 0.25 % FOMC meeting|Fed expected to hike rates by 0.25% at FOMC meeting|eng|Yahoo Finance|neutro|alto|curto
Today 's biggest mortgage rate decrease ? 30-year terms plummet May 3 , 2023|Today's biggest mortgage rate decrease? 30-year terms plummet  May 3, 2023|eng|Fox Business|neutro|alto|curto
CVS Health Beats Earnings Expectations , Posts $ 2.14 Billion Net Profit|CVS Health Beats Earnings Expectations, Posts $2.14 Billion Net Profit|eng|The Wall Street Journal|positivo|alto|curto
Dow Jones Rises Ahead Fed Decision , Powell Comments . AMD Dives Earnings .|Dow Jones Rises Ahead Of Fed Decision, Powell Comments. AMD Dives On Earnings.|eng|Investor's Business Daily|neutro|alto|curto
Moderna Stock : Looking Undervalued Ahead Q1 Earnings|Moderna Stock: Looking Undervalued Ahead Of Q1 Earnings|eng|Seeking Alpha|positivo|alto|curto
Hawkish surprise|Hawkish surprise|eng|FXStreet|positivo|alto|curto
RUTH Stock Alert : $ 715 Million Reason Ruth 's Hospitality Group Today|RUTH Stock Alert: The $715 Million Reason Ruth's Hospitality Group Is Up Today|eng|InvestorPlace|positivo|alto|curto
Unity Software cut 600 jobs another round layoffs|Unity Software to cut 600 jobs in another round of layoffs|eng|Seeking Alpha|negativo|alto|curto
Banking crisis escalate commercial real estate collapses , gold could reach $ 3k 2024 - Andrew Axelrod|Banking crisis will escalate if commercial real estate collapses, gold could reach $3k in 2024 - Andrew Axelrod|eng|Kitco NEWS|negativo|alto|longo
New SEC Rule Gives Big Hedge Funds 3 Days Report Major Losses|New SEC Rule Gives Big Hedge Funds 3 Days to Report Major Losses|eng|Bloomberg|neutro|alto|curto
Unity lays 600 , closing half offices|Unity lays off 600 more, closing half of offices|eng|GamesIndustry.biz|negativo|alto|curto
Private payrolls surged 296000 April|Private payrolls surged by 296000 in April|eng|CNBC Television|positivo|alto|curto
Eli Lilly 's Alzheimer 's drug slowed cognitive decline phase 3 study|Eli Lilly's Alzheimer's drug slowed cognitive decline in phase 3 study|eng|CNBC Television|positivo|alto|curto
Jenny Craig tells employees shut doors|Jenny Craig tells employees it will shut its doors|eng|NBC News|negativo|alto|curto
Ethereum Trades $ 1,800 ; Stacks Emerges Top Gainer|Ethereum Trades Above $1,800; Stacks Emerges As Top Gainer|eng|Benzinga|positivo|alto|curto
Bitcoin predictions : Robert Kiyosaki , Standard Chartered , Matrixport|Bitcoin predictions: Robert Kiyosaki, Standard Chartered, Matrixport|eng|Markets Insider|neutro|alto|neutro
ImmunoGen ( IMGN ) Stock 125 % Today ?|Why Is ImmunoGen (IMGN) Stock Up 125% Today?|eng|InvestorPlace|positivo|alto|curto
ImmunoGen Touts Additional Positive Data Ovarian Cancer Drug , Seeks Expanded Use Approval , Stock Soa|ImmunoGen Touts Additional Positive Data From Ovarian Cancer Drug, Seeks Expanded Use Approval, Stock Soa|eng|Benzinga|positivo|alto|curto
Coinbase Executives Sued Allegedly Profiting Inside Information Public Listing|Coinbase Executives Sued For Allegedly Profiting From Inside Information During Public Listing|eng|Cryptonews|negativo|alto|curto
'ChatGPT new crypto ' : Meta warns hackers exploiting interest AI chatbot|'ChatGPT is the new crypto': Meta warns hackers are exploiting interest in the AI chatbot|eng|CNN|negativo|alto|curto
Worse come economy rates top 5 %|Worse to come for the economy as rates top 5%|eng|CNN|negativo|alto|longo
IMF Warns Middle East , North Africa Economic Growth Set 'soft Patch ' - I24NEWS|IMF Warns Middle East, North Africa Economic Growth Set For 'soft Patch' - I24NEWS|eng|i24NEWS|negativo|alto|curto
Crude Oil Continues Slide , Dragging Several Oil Stocks - Exxon Mobil ( NYSE : XOM )|Crude Oil Continues To Slide, Dragging Down Several Oil Stocks - Exxon Mobil (NYSE:XOM)|eng|Benzinga|negativo|alto|curto
Ethereum Market Shows Signs Overheating , Decline Soon ?|Ethereum Market Shows Signs Of Overheating, Decline Soon?|eng|Bitcoinist|negativo|alto|curto
Carl Icahn targeted short seller Hindenburg 'Ponzi-like ' structure|Carl Icahn targeted by short seller Hindenburg for 'Ponzi-like' structure|eng|Yahoo Finance|negativo|alto|curto
Ruth 's Chris Steak House bought Darden Restaurants $ 715 million|Ruth's Chris Steak House bought by Darden Restaurants for $715 million|eng|NOLA.com|neutro|alto|neutro
Ford boosts Mustang Mach-E range drops price profits grow 20 %|Ford boosts Mustang Mach-E range and drops price as profits grow 20%|eng|Ars Technica|positivo|alto|curto
Cramer 's First Take : Eli Lilly 's Alzheimer 's drug 'the holy grail '|Cramer's First Take: Eli Lilly's Alzheimer's drug is 'the holy grail'|eng|CNBC Television|positivo|alto|curto
Tuesday Morning closing discount stores , including Knoxville location|Tuesday Morning is closing all of its discount stores, including this Knoxville location|eng|Knoxville News Sentinel|negativo|alto|curto
AMD stock falls PC industry slumps|AMD stock falls as PC industry slumps|eng|Yahoo Finance|negativo|alto|curto
Carlsbad-based Jenny Craig closing locations : report|Carlsbad-based Jenny Craig closing all locations: report|eng|FOX 5 San Diego|negativo|alto|curto
BTC Consolidates $ 29K Calm Storm ? ( BItcoin Price Analysis )|BTC Consolidates Below $29K but is This the Calm Before the Storm? (BItcoin Price Analysis)|eng|CryptoPotato|neutro|alto|curto
Microchip availability boosts Stellantis first-quarter revenues , shipments|Microchip availability boosts Stellantis first-quarter revenues, shipments|eng|Detroit News|positivo|alto|curto
AI Cause 'Significant Labor Market Churn ' Next 5 Years , Report Finds|AI Will Cause 'Significant Labor Market Churn' in Next 5 Years, Report Finds|eng|Singularity Hub|negativo|alto|curto
ImmunoGen surges cancer drug study hits 'home run '|ImmunoGen surges after cancer drug study hits a 'home run'|eng|Reuters|positivo|alto|curto
Expect Apple Earnings|What to Expect From Apple Earnings|eng|Bloomberg Technology|neutro|alto|curto
Oil Plunges $ 69 Pledged OPEC+ Cuts Fail Dent Supply|Oil Plunges Below $69 as Pledged OPEC+ Cuts Fail to Dent Supply|eng|Yahoo Finance|negativo|alto|curto
EIA Inventory Report Fails Arrest Oil Price Slide|EIA Inventory Report Fails To Arrest Oil Price Slide|eng|OilPrice.com|negativo|alto|curto
Jobs report may show U.S. created fewest jobs April two years|Jobs report may show U.S. created fewest jobs in April in more than two years|eng|MarketWatch|negativo|alto|curto
Darden buys Ruth 's Chris Steak House $ 715 million|Darden buys Ruth's Chris Steak House for about $715 million|eng|Yahoo Finance|neutro|alto|curto
Carmakers Set Lose Pricing Power Muted Global Economy|Carmakers Set to Lose Pricing Power in Muted Global Economy|eng|Yahoo Finance|negativo|alto|longo
WWE SmackDown & Raw Buck Q1 Market Trends , Crush Ratings|WWE SmackDown & Raw Buck Q1 Market Trends, Crush Ratings|eng|Wrestling Inc.|neutro|alto|curto
ImmunoGen Stock Blasting Wednesday - Immunogen ( NASDAQ : IMGN )|Why ImmunoGen Stock Is Blasting Off Wednesday - Immunogen (NASDAQ:IMGN)|eng|Benzinga|positivo|alto|curto
Starbucks Stock Sliding Today - Starbucks ( NASDAQ : SBUX )|Why Starbucks Stock Is Sliding Today - Starbucks (NASDAQ:SBUX)|eng|Benzinga|negativo|alto|curto
Olive Garden owner Darden Restaurants buys Ruth 's Chris Steak House $ 715 million|Olive Garden owner Darden Restaurants buys Ruth's Chris Steak House for $715 million|eng|CNBC|neutro|alto|curto
& P 500 News & Forecast : Index flat ahead Fed rate announcement , expect downtrend unfold|S&P 500 News & Forecast: Index flat ahead of Fed rate announcement, but expect downtrend to unfold|eng|FXStreet|negativo|alto|curto
Five reasons regional bank stock investors worried|Five reasons why regional bank stock investors are worried|eng|CNBC|negativo|alto|longo
US banking crisis seems destined go forever|The US banking crisis seems destined to go on forever|eng|Business Insider|negativo|alto|longo
Yum ! Brands Drops Q1 Earnings Miss Estimates|Yum! Brands Drops as Q1 Earnings Miss Estimates|eng|TipRanks|negativo|alto|curto
Apple likely report 'solid ' results , valuation concern : Baird ( NASDAQ : AAPL )|Apple likely to report 'solid' results, but valuation a concern: Baird (NASDAQ:AAPL)|eng|Seeking Alpha|neutro|alto|curto
promising Gold trend|A promising Gold trend|eng|FXStreet|positivo|alto|longo
US regional bank stocks volatile investors eye Fed meet|US regional bank stocks volatile as investors eye Fed meet|eng|Reuters|neutro|alto|curto
Starbucks ( SBUX ) Q2 Earnings & Revenues Beat , Stock|Starbucks (SBUX) Q2 Earnings & Revenues Beat, Stock Down|eng|Yahoo Finance|neutro|alto|curto
ImmunoGen stock rises Elahere shows survival benefit trial|ImmunoGen stock rises as Elahere shows survival benefit in trial|eng|Seeking Alpha|positivo|alto|curto
ChatGPT scams new crypto scams , Meta warns|ChatGPT scams are the new crypto scams, Meta warns|eng|Engadget|negativo|alto|curto
Uber raised Buy Susquehanna earnings impress ( NYSE : UBER )|Uber raised to Buy at Susquehanna after earnings impress (NYSE:UBER)|eng|Seeking Alpha|positivo|alto|curto
Wolfe double-upgrades regional bank stock 's 'attractive place hide '|Wolfe double-upgrades this regional bank stock that's an 'attractive place to hide'|eng|CNBC|positivo|alto|curto
Gold outlook : Fed trigger rally sell-off ?|Gold outlook: Will Fed trigger rally or sell-off?|eng|FOREX.com US|neutro|alto|curto
CVS Health beats earnings revenue , lowers 2023 profit outlook|CVS Health beats on earnings and revenue, lowers 2023 profit outlook|eng|CNBC Television|neutro|alto|curto
Taco Bell , KFC parent company Yum ! Brands Q1 earnings beat same-store sales estimates|Taco Bell, KFC parent company Yum! Brands Q1 earnings beat same-store sales estimates|eng|Yahoo Finance|positivo|alto|curto
Private payrolls surged 296,000 April , much higher expected , ADP says|Private payrolls surged by 296,000 in April, much higher than expected, ADP says|eng|CNBC|positivo|alto|curto
Treasury Flags Bigger Sales Soon August , Buybacks 2024|Treasury Flags Bigger Sales as Soon as August, Buybacks in 2024|eng|Yahoo Finance|neutro|alto|curto
ADP : US Firms Added 296000 Jobs April|ADP: US Firms Added 296000 Jobs in April|eng|Bloomberg Television|positivo|alto|curto
Experimental Alzheimer 's drug slows cognitive declines large trial , drugmaker Eli Lilly says|Experimental Alzheimer's drug slows cognitive declines in large trial, drugmaker Eli Lilly says|eng|CNN|positivo|alto|curto
Tesla ’ Swelling Inventory Suggests Musk Keep Cutting Prices|Tesla’s Swelling Inventory Suggests Musk Will Keep Cutting Prices|eng|Yahoo Finance|negativo|alto|curto
Tesla Price Cuts ( TSLA ) n't Inventory Keeps Rising|Tesla Price Cuts (TSLA) Aren't Over as Inventory Keeps Rising|eng|Bloomberg|negativo|alto|curto
WWE Touts Higher Ratings , Rights Fees Ticket Sales , Earnings Drop Saudi Event Timing|WWE Touts Higher Ratings, Rights Fees and Ticket Sales, But Earnings Drop on Saudi Event Timing|eng|Hollywood Reporter|neutro|alto|curto
Starbucks : Q2 ‘ incredible quarter every single measure , ’ CFO says|Starbucks: Q2 ‘an incredible quarter on every single measure,’ CFO says|eng|Yahoo Finance|positivo|alto|curto
Coinbase Debuts International Exchange Following Feud U.S . Regulator|Coinbase Debuts International Exchange Following Feud With a U.S. Regulator|eng|Cryptonews|neutro|alto|curto
Nikola gains announcing delivery deal 14 Tre electric trucks ( NASDAQ : NKLA )|Nikola gains after announcing delivery deal for 14 Tre electric trucks (NASDAQ:NKLA)|eng|Seeking Alpha|positivo|alto|curto
AMD 's lackluster forecast sparks selloff shares|AMD's lackluster forecast sparks selloff in shares|eng|Yahoo Finance|negativo|alto|curto
Ford Posts $ 1.76B 1Q Profit Largely Gas-Powered Vehicles|Ford Posts $1.76B 1Q Profit Largely on Gas-Powered Vehicles|eng|Cheddar|positivo|alto|curto
Cosmetics Company Estee Lauder Shares Plummeting Today - Estee Lauder Cos ( NYSE : EL )|Why Cosmetics Company Estee Lauder Shares Are Plummeting Today - Estee Lauder Cos (NYSE:EL)|eng|Benzinga|negativo|alto|curto
IBM Freeze Hiring Replace 7800 Jobs AI : CEO Arvind Krishna IBM AI News News18|IBM To Freeze Hiring And Replace 7800 Jobs With AI: CEO Arvind Krishna  IBM AI News  News18|eng|CNN-News18|negativo|alto|curto
Porsche profit rises stronger sales , pricing power|Porsche profit rises on stronger sales, pricing power|eng|Autoblog|positivo|alto|curto
Side Letter : Gensler 's PE curtain-raiser ; Investindustrial 's new friends ; Europe 's record fundraising|Side Letter: Gensler's PE curtain-raiser; Investindustrial's new friends; Europe's record fundraising|eng|Private Equity International|neutro|alto|neutro
's Going Ford Stock ? - Ford Motor ( NYSE : F )|What's Going On With Ford Stock? - Ford Motor (NYSE:F)|eng|Benzinga|neutro|alto|curto
Oil Prices Dip Lowest Level Since March ; Traders Brace Recession|Oil Prices Dip To Lowest Level Since March; Traders Brace For Recession|eng|Investor's Business Daily|negativo|alto|curto
Federal Reserve Meeting : 's Jerome Powell|Federal Reserve Meeting: Here's What Jerome Powell Should Do|eng|Bloomberg|neutro|alto|curto
US Sell $ 40 Bln 3-Year Notes Tue|US To Sell $40 Bln In 3-Year Notes Tue|eng|MarketWatch|neutro|alto|curto
US Sell $ 21 Bln 30-Year Bonds Thu|US To Sell $21 Bln In 30-Year Bonds Thu|eng|MarketWatch|neutro|alto|longo
European Central Bank Preview : Lagarde set lift Euro two three scenarios|European Central Bank Preview: Lagarde set to lift the Euro in two out of three scenarios|eng|FXStreet|positivo|alto|curto
education stock hit emerging A.I . threat , BofA calls screaming buy|This education stock was hit by the emerging A.I. threat, but now BofA calls it a screaming buy|eng|CNBC|positivo|alto|curto
Ford reports Q1 earnings beat , boosted EV sales|Ford reports a Q1 earnings beat, boosted EV sales|eng|Yahoo Finance|positivo|alto|curto
Starbucks beats sales forecasts China recovers|Starbucks beats sales forecasts as China recovers|eng|ABC News|positivo|alto|curto
Pepecoin Overtakes Dogecoin , Shiba Inu Trading Volumes Early Buyers Take Profits|Pepecoin Overtakes Dogecoin, Shiba Inu Trading Volumes as Early Buyers Take Profits|eng|CoinDesk|neutro|alto|curto
BTC/USD Forex Signal : Gains Likely Banking Risk Remain|BTC/USD Forex Signal: More Gains Likely as the Banking Risk Remain|eng|DailyForex.com|positivo|alto|curto
AI wipe jobs CEOs count|AI will wipe out more jobs than CEOs can count|eng|Business Insider|negativo|alto|longo
High-Yield Pfizer Falls COVID Cliff , Survives|High-Yield Pfizer Falls Off The COVID Cliff, And Survives|eng|Entrepreneur|neutro|alto|curto
PacWest , Western Alliance stocks sink regional bank shakeups ahead Fed decision|PacWest, Western Alliance stocks sink on regional bank shakeups ahead of Fed decision|eng|Yahoo Finance|negativo|alto|curto
PacWest , Western Alliance crash regional bank fears continue shake markets|PacWest, Western Alliance crash as regional bank fears continue to shake markets|eng|Yahoo Finance|negativo|alto|curto
Ford first quarter revenue , profits top estimates ; EV unit loses $ 722 million|Ford first quarter revenue, profits top estimates; EV unit loses $722 million|eng|Yahoo Finance|neutro|alto|curto
Biden 's mortgage redistribution plan sparks ominous warning experts note similarities prior crisis|Biden's mortgage redistribution plan sparks ominous warning as experts note similarities to prior crisis|eng|Fox Business|negativo|alto|longo
AMD Q1 earnings : Beats revenue EPS , chip sales drop 64 %|AMD Q1 earnings: Beats on revenue and EPS, but chip sales drop 64%|eng|Yahoo Finance|neutro|alto|curto
Chegg , PacWest , Arista , Uber , SoFi , BP , Stock Market Movers|Chegg, PacWest, Arista, Uber, SoFi, BP, and More Stock Market Movers|eng|Barron's|neutro|alto|neutro
AMD revenue drops 9 % PC chip sales decline sharply|AMD revenue drops 9% as PC chip sales decline sharply|eng|CNBC|negativo|alto|curto
Morgan Stanley plans cut 3K jobs : Report|Morgan Stanley plans to cut 3K jobs: Report|eng|Fox Business|negativo|alto|curto
Morgan Stanley plans cut 3K jobs : Reuters|Morgan Stanley plans to cut 3K jobs: Reuters|eng|Fox Business|negativo|alto|curto
Bank Crisis Fallout Bloomberg Surveillance 05/02/23|Bank Crisis Fallout  Bloomberg Surveillance 05/02/23|eng|Bloomberg Television|negativo|alto|curto
JPMorgan Gets Even Bigger First Republic|JPMorgan Gets Even Bigger with First Republic|eng|Bloomberg Television|neutro|alto|neutro
UBER Stock Alert : Uber Really Surge 152 % ?|UBER Stock Alert: Can Uber Really Surge 152% From Here?|eng|InvestorPlace|neutro|alto|curto
Gold price rallies $ 33 ahead Fed decision , gets ready test all-time highs|Gold price rallies $33 ahead of Fed decision, gets ready to test all-time highs|eng|Kitco NEWS|positivo|alto|curto
US bank shares slide First Republic rescue|US bank shares slide after First Republic rescue|eng|BBC|negativo|alto|curto
Home prices back rise spring market proves competitive expected|Home prices are back on the rise as the spring market proves more competitive than expected|eng|CNBC|positivo|alto|curto
Ford Reports $ 1.8 Billion Profit Quarter|Ford Reports $1.8 Billion Profit in Quarter|eng|The New York Times|positivo|alto|curto
Kenvue IPO : Dividend-Paying , 'High-Caliber ' Company|Kenvue IPO: A Dividend-Paying, 'High-Caliber' Company|eng|Morningstar|positivo|alto|neutro
Coinbase launches overseas exchange crypto traders|Coinbase launches overseas exchange for crypto traders|eng|Yahoo Finance|positivo|alto|curto
Morgan Stanley Plans 3000 Job Cuts|Morgan Stanley Plans 3000 Job Cuts|eng|Bloomberg Television|negativo|alto|curto
Uber Freight EBITDA continues fall ; revenue drops 23 % year ago|Uber Freight EBITDA continues to fall; revenue drops 23% from year ago|eng|FreightWaves|negativo|alto|curto
AMD beats top bottom lines Q1|AMD beats on top and bottom lines in Q1|eng|CNBC Television|positivo|alto|curto
Apple Increase Dividend : Need Know|Apple Is About to Increase Its Dividend: What You Need to Know|eng|The Motley Fool|positivo|alto|curto
Ford posts stellar first quarter , boosted fleet legacy truck divisions|Ford posts stellar first quarter, boosted by fleet and legacy truck divisions|eng|CNBC|positivo|alto|curto
“ Great Stagflation ” Ahead ?|Is “The Great Stagflation” Ahead?|eng|TheStreet|neutro|alto|longo
FDIC looks change deposit insurance policy following First Republic Bank failure|FDIC looks to change deposit insurance policy following First Republic Bank failure|eng|Fox Business|neutro|alto|curto
Could Sticky Inflation Force ECB 's Hand ?|Could Sticky Inflation Force the ECB's Hand?|eng|Bloomberg Television|neutro|alto|curto
SEC 's Gensler warns 'tremors ' hedge fund sector could threaten U.S. economy|SEC's Gensler warns 'tremors' in hedge fund sector could threaten U.S. economy|eng|MarketWatch|negativo|alto|longo
Partners Lead Mass Defection Biglaw Firm , 140 Lawyers Set Join New Boutique|Partners Lead Mass Defection From Biglaw Firm, With Up To 140 Lawyers Set To Join New Boutique|eng|Above the Law|neutro|alto|curto
Gemini says DCG risks default , CFTC official reiterates ether commodity : CNBC Crypto World|Gemini says DCG risks default, and CFTC official reiterates ether is a commodity: CNBC Crypto World|eng|CNBC Television|negativo|alto|curto
Markets 'on heels extreme volatility , ' Ares Global Head says|Markets 'on the heels of extreme volatility,' Ares Global Head says|eng|Yahoo Finance|neutro|alto|curto
Lordstown Motors warns closing , bankruptcy possibility|Lordstown Motors warns closing, bankruptcy possibility|eng|Crain's Cleveland Business|negativo|alto|curto
Dow slides 470 points bank shares nosedive|Dow slides over 470 points as bank shares nosedive|eng|CNN|negativo|alto|curto
SVB failure signals Fed ’ need speed rethink|SVB failure signals Fed’s need for a speed rethink|eng|Risk.net|negativo|alto|curto
China India drive half 2023 's global economic growth : IMF|China and India to drive half of 2023's global economic growth: IMF|eng|Nikkei Asia|positivo|alto|longo
Trading Fed decision : JPMorgan traders see happening|Trading the Fed decision: What JPMorgan traders see happening|eng|CNBC|neutro|alto|curto
Traders price greater likelihood three rate cuts end 2023|Traders price in greater likelihood of three rate cuts by end of 2023|eng|Seeking Alpha|neutro|alto|longo
US legislators urge SEC prevent share offering China-backed clothing firm|US legislators urge SEC to prevent share offering by China-backed clothing firm|eng|Radio Free Asia|negativo|alto|curto
Williamsburg Diner Kellogg ’ Goes Bankrupt , Lists $ 2.5 Million Online|Williamsburg Diner Kellogg’s Goes Bankrupt, Lists for $2.5 Million Online|eng|Eater NY|negativo|alto|curto
Breakfast briefing : US regional bank jitters spread interest.co.nz|Breakfast briefing: US regional bank jitters spread  interest.co.nz|eng|Interest.co.nz|negativo|alto|curto
Time ECB Rate-Hike Meeting : Eurozone Services Inflation Spikes New Record . Overall Inflation Re-Accelerates|Just in Time for ECB Rate-Hike Meeting: Eurozone Services Inflation Spikes to New Record. Overall Inflation Re-Accelerates|eng|WOLF STREET|positivo|alto|curto
Uber 's Khosrowshahi Strong Ride Demand , AII|Uber's Khosrowshahi on Strong Ride Demand, AII|eng|Bloomberg Technology|positivo|alto|curto
headed toward recession ? : Assessing Fed 's next move economic slowdown fears grow|Are we headed toward a recession?: Assessing the Fed's next move as economic slowdown fears grow|eng|Yahoo Finance|neutro|alto|curto
Starbucks ( SBUX ) earnings Q2 2023 earnings|Starbucks (SBUX) earnings Q2 2023 earnings|eng|CNBC|neutro|alto|longo
Fed Rate Pause Coming ? Watch Words|Is a Fed Rate Pause Coming? Watch These Words|eng|Bloomberg|neutro|alto|curto
Top Banks Could Liable Jeffrey Epstein Sex Trafficking : Judge|Top Banks Could Be Liable for Jeffrey Epstein Sex Trafficking: Judge|eng|The Epoch Times|negativo|alto|curto
Starbucks earnings beat China reverses same-store sales declines|Starbucks earnings beat as China reverses same-store sales declines|eng|CNBC|positivo|alto|curto
Apple savings account offers 10 times interest US average — draws $ 1B deposits|Apple savings account offers 10 times more interest than US average — draws $1B in deposits|eng|New York Post|positivo|alto|curto
Airbus , Eutelsat , SES , Thales Make Bid EU ’ Iris² Constellation|Airbus, Eutelsat, SES, and Thales Make a Bid for EU’s Iris² Constellation|eng|Via Satellite|neutro|alto|neutro
Job openings tumble lowest point nearly two years|Job openings tumble to lowest point in nearly two years|eng|CNN|negativo|alto|curto
Apple 's high-yield savings account draws nearly $ 1 billion deposits first four days|Apple's high-yield savings account draws in nearly $1 billion deposits in first four days|eng|Daily Mail|positivo|alto|curto
Stocks trade lower Fed interest rate decision looms|Stocks trade lower as Fed interest rate decision looms|eng|Yahoo Finance|neutro|alto|curto
Tuesday Morning going business closing stores|Tuesday Morning is going out of business and closing all of its stores|eng|CNN|negativo|alto|curto
Inflation countries using euro currency inches higher seven per cent|Inflation in countries using euro currency inches higher to seven per cent|eng|euronews|negativo|alto|longo
Uber 's revenue climbs 29 % continues defy tech slump|Uber's revenue climbs 29% as it continues to defy tech slump|eng|CNN|positivo|alto|curto
Pfizer beats top bottom lines|Pfizer beats on top and bottom lines|eng|CNBC Television|positivo|alto|curto
Chegg ’ stock tumbles ChatGPT student usage , Pfizer Burger King parent shares rise results stocks move|Chegg’s stock tumbles on ChatGPT student usage, Pfizer and Burger King parent shares rise on results and other stocks on the move|eng|MarketWatch|neutro|alto|curto
recent takeover , worries JPMorgan Chase grown large|With a recent takeover, there are worries JPMorgan Chase has grown too large|eng|WUSF Public Media|negativo|alto|longo
Nasdaq 100 , Dow Jones , & P 500 : Pfizer Reports Positive Q1 Results|Nasdaq 100, Dow Jones, S&P 500: Pfizer Reports Positive Q1 Results|eng|FX Empire|positivo|alto|curto
Ford first-quarter earnings show gains , reveal EV losses|Ford first-quarter earnings show gains, reveal EV losses|eng|Detroit Free Press|neutro|alto|curto
Carl Icahn ’ Wealth Plunges $ 10 Billion Hindenburg Short-Seller Report|Carl Icahn’s Wealth Plunges $10 Billion on Hindenburg Short-Seller Report|eng|Yahoo Finance|negativo|alto|curto
Another big box retailer going business|Another big box retailer going out of business|eng|Queen City News|negativo|alto|curto
Requiem Bed Bath & Beyond|Requiem for Bed Bath & Beyond|eng|Tampa Bay Times|negativo|alto|longo
IBM CEO warns AI could wipe 'many ' jobs within 5 years|IBM CEO warns AI could wipe out 'many' jobs within 5 years|eng|Fox Business|negativo|alto|curto
Regional Bank Stocks Close Lowest Level Since 2020|Regional Bank Stocks Close at Lowest Level Since 2020|eng|The Wall Street Journal|negativo|alto|curto
AMD Slides Tepid Forecast Shows Demand Remains Sluggish|AMD Slides After Tepid Forecast Shows Demand Remains Sluggish|eng|Bloomberg|negativo|alto|curto
n't know problems might lurking banking sector , strategist says|We don't know what other problems might be lurking in the banking sector, strategist says|eng|CNBC International TV|negativo|alto|neutro
Analysts worry bigger JPMorgan 'too big fail '|Analysts worry bigger JPMorgan is 'too big to fail'|eng|Reuters|negativo|alto|longo
Pence blames Biden bank busts blasts bailouts|Pence blames Biden for bank busts and blasts bailouts|eng|Washington Examiner|negativo|alto|curto
Lordstown Motors Corp. stock plummets following dispute Foxconn|Lordstown Motors Corp. stock plummets following dispute with Foxconn|eng|Yahoo Finance|negativo|alto|curto
Starbucks beats top bottom lines Yahoo Finance 's Call|Starbucks beats on top and bottom lines  Yahoo Finance's After the Call|eng|Yahoo Finance|positivo|alto|curto
Raising Homebuying Costs Responsible Borrowers ?|Why Are We Raising Homebuying Costs for Responsible Borrowers?|eng|Heritage.org|negativo|alto|neutro
Treasury bond data signals deficit quickly increasing , says Damped Springs Advisors ' Andy Constan|Treasury bond data signals deficit is quickly increasing, says Damped Springs Advisors' Andy Constan|eng|CNBC Television|negativo|alto|curto
J & J 's Kenvue spinoff hit IPO market week biggest deal since late 2021|J&J's Kenvue spinoff to hit IPO market this week in the biggest deal since late 2021|eng|MarketWatch|positivo|alto|curto
Fed End 'Crazy ' Policy Tightening , Says SMBC 's Lavorgna|Fed Should End 'Crazy' Policy Tightening, Says SMBC's Lavorgna|eng|Bloomberg|negativo|alto|curto
Eurozone inflation rises 7 percent months decline|Eurozone inflation rises to 7 percent after months of decline|eng|Al Jazeera English|neutro|alto|curto
ChatGPT Confirms Data Breach , Raising Security Concerns|ChatGPT Confirms Data Breach, Raising Security Concerns|eng|Security Intelligence|negativo|alto|curto
Biden biggest bank failure since 2008 # shorts|Biden on the biggest bank failure since 2008 #shorts|eng|Yahoo Finance|neutro|alto|curto
Mass Unemployment ? 14 Million Jobs Vanish Coming Years Vantage Palki Sharma|Mass Unemployment? 14 Million Jobs to Vanish in Coming Years  Vantage with Palki Sharma|eng|Firstpost|negativo|alto|longo
Balaji Closes Bitcoin Bet $ 1.5M Donations , Including $ 500K Bitcoin Core Development|Balaji Closes Bitcoin Bet With $1.5M in Donations, Including $500K for Bitcoin Core Development|eng|CoinDesk|positivo|alto|neutro
Fed Likely Cut Rates Early 2024 : Nuveen 's Rodriguez|Fed Likely to Cut Rates Early 2024: Nuveen's Rodriguez|eng|Bloomberg Television|neutro|alto|longo
UnitedHealth Stocks Buy End Fed ’ Rate Hikes|UnitedHealth and Other Stocks to Buy for an End to the Fed’s Rate Hikes|eng|Barron's|positivo|alto|curto
Coinbase Launches International Exchange Bitcoin Ethereum Perpetual Futures|Coinbase Launches International Exchange with Bitcoin and Ethereum Perpetual Futures|eng|Decrypt|neutro|alto|curto
National Cybersecurity Strategy spell end government market commercial software ?|Does the National Cybersecurity Strategy spell the end of the government market for commercial software?|eng|Federal News Network|neutro|alto|neutro
3-month T-bill rate touches highest level since January 2001 debt-ceiling worries|3-month T-bill rate touches highest level since January 2001 on debt-ceiling worries|eng|MarketWatch|negativo|alto|curto
SoFi ( NASDAQ : SOFI ) Stock : ’ Technical Indicators Reveal|SoFi (NASDAQ:SOFI) Stock: Here’s What Technical Indicators Reveal|eng|TipRanks|neutro|baixo|curto
Jim Cramer 's top 10 things watch stock market Wednesday|Jim Cramer's top 10 things to watch in the stock market Wednesday|eng|CNBC|neutro|baixo|curto
Nikola Partners Voltera Hydrogen Station Funding|Nikola Partners With Voltera On Hydrogen Station Funding|eng|Yahoo Finance|positivo|baixo|curto
Hackers increasingly using ChatGPT lures spread malware Facebook|Hackers are increasingly using ChatGPT lures to spread malware on Facebook|eng|TechCrunch|negativo|baixo|curto
US manufacturing contracts sixth straight month World Business Watch Latest News WION|US manufacturing contracts for the sixth straight month  World Business Watch  Latest News  WION|eng|WION|negativo|baixo|curto
Louisville McDonald ’ owners fined minors , including 10-year-olds , found working illegally|Louisville McDonald’s owners fined after minors, including 10-year-olds, found working illegally|eng|WAVE 3|negativo|baixo|curto
Jeffrey Epstein sent ex-senior JPMorgan exec photo young woman ‘ sexually suggestive pose , ’ judge says|Jeffrey Epstein sent ex-senior JPMorgan exec photo of young woman in ‘sexually suggestive pose,’ judge says|eng|Law & Crime|negativo|baixo|curto
Ford slashes price Mustang Mach-E|Ford slashes price of Mustang Mach-E again|eng|CBS Sacramento|neutro|baixo|curto
ADP : Northeast second-highest increase jobs April|ADP: Northeast had second-highest increase of jobs in April|eng|ROI-NJ.com|positivo|baixo|curto
Asia ‘ feel good ’ 2023 China , India drive growth : IMF official|Asia can ‘feel good’ about 2023 as China, India drive growth: IMF official|eng|South China Morning Post|positivo|baixo|longo
5 Best Trending Coins Dextools Today – PEPE , WSB , BOB|5 Best Trending Coins on Dextools Today – PEPE, WSB, BOB|eng|Cryptonews|neutro|baixo|curto
Giant Eagle plans price reductions , return circulars , interim CEO says|Giant Eagle plans price reductions, return of circulars, interim CEO says|eng|TribLIVE|positivo|baixo|curto
General Mills recalls four Gold Medal Unbleached Bleached Purpose Flour varieties|General Mills recalls four Gold Medal Unbleached and Bleached All Purpose Flour varieties|eng|WBIW.com|negativo|baixo|curto
Tesla raises U.S. prices Model 3 , Model vehicles $ 250|Tesla raises U.S. prices for Model 3, Model Y vehicles by $250|eng|MarketWatch|neutro|baixo|curto
Starbucks shares slip despite earnings beat|Starbucks shares slip despite earnings beat|eng|CNBC Television|negativo|baixo|curto
GM , Ford , Stellantis Posted Strong Numbers . One Cared . 's .|GM, Ford, and Stellantis Posted Strong Numbers. No One Cared. Here's Why.|eng|Barron's|neutro|baixo|neutro
Crypto Influencer Reveals 'Sad Truth ' Investors Missing Pepe Coin Mania|Crypto Influencer Reveals 'Sad Truth' About Investors Missing Pepe Coin Mania|eng|Benzinga|negativo|baixo|curto
Bitcoin limps FOMC flagging volume adds BTC price hurdles|Bitcoin limps into FOMC as flagging volume adds to BTC price hurdles|eng|Cointelegraph|negativo|baixo|curto
Transcript Regional Economic Outlook Asia Pacific Press Briefing|Transcript of the Regional Economic Outlook on Asia and Pacific Press Briefing|eng|International Monetary Fund|neutro|baixo|neutro
Airbnb goes back basics renewed focus private room rentals|Airbnb goes back to basics with renewed focus on private room rentals|eng|The Guardian|neutro|baixo|neutro
US lawmakers urge scrutiny fashion firm Shein forced labor reports|US lawmakers urge scrutiny of fashion firm Shein over forced labor reports|eng|Legit.ng|negativo|baixo|neutro
March job openings fall 9.59 million : JOLTS|March job openings fall to 9.59 million: JOLTS|eng|Yahoo Finance|negativo|baixo|curto
Giant Eagle lock prices 800 items summer|Giant Eagle will lock in prices on 800 items this summer|eng|cleveland.com|positivo|baixo|curto
Tesla Adjusts Prices Upward Several Markets Amid Dynamic Pricing Strategy|Tesla Adjusts Prices Upward in Several Markets Amid Dynamic Pricing Strategy|eng|Not a Tesla App|neutro|baixo|curto
best Amazon Pet Day deals : Live final day highlights|The best Amazon Pet Day deals: Live final day highlights|eng|Business Insider|positivo|baixo|curto
Louisville McDonald 's restaurants fined child labor laws|Louisville McDonald's restaurants fined over child labor laws|eng|WHAS11.com|negativo|baixo|neutro
2022 Rivian R1S original moderate overlap IIHS crash test|2022 Rivian R1S original moderate overlap IIHS crash test|eng|IIHS|neutro|baixo|neutro
Starbucks stock earnings analysts think guidance conservative|Starbucks stock is down after earnings but some analysts think guidance was conservative|eng|Seeking Alpha|neutro|baixo|curto
Services PMI® 51.9 % ; April 2023 Services ISM® Report Business®|Services PMI® at 51.9%; April 2023 Services ISM® Report On Business®|eng|PR Newswire|neutro|baixo|curto
Job openings fall lowest level since April 2021|Job openings fall to lowest level since April 2021|eng|Yahoo Finance|negativo|baixo|curto
Unity Software lay 600 employees , 8 % workforce|Unity Software to lay off 600 employees, or 8% of its workforce|eng|CNBC|negativo|baixo|curto
93 major housing markets saw home price gains March 7 declined , says Black Knight|93 major housing markets saw home price gains in March while 7 declined, says Black Knight|eng|Fortune|positivo|baixo|curto
Amazon Pet Day arrived — best deals|Amazon Pet Day has arrived — here are the best deals|eng|WJW FOX 8 News Cleveland|positivo|baixo|curto
Bud Light ‘ serious trouble ’ losing status top-selling beer US , industry expert warns|Bud Light in ‘serious trouble’ of losing status as top-selling beer in US, industry expert warns|eng|Fox News|negativo|baixo|curto
Microsoft economist warns A.I . election interference 'bad actors '|Microsoft economist warns of A.I. election interference from 'bad actors'|eng|CNBC|neutro|baixo|neutro
Passenger caught video punching United crew member charged , banned airline|Passenger caught on video punching United crew member charged, banned from airline|eng|New York Post|negativo|baixo|curto
Republicans Upset Mortgage Fees|Why Republicans Are Upset About Mortgage Fees|eng|HuffPost|negativo|baixo|neutro
Today 's mortgage refinance rates dips May 3 , 2023|Today's mortgage refinance rates dips  May 3, 2023|eng|Bankrate.com|neutro|baixo|curto
Current mortgage rates increased time last week|Current mortgage rates increased from this time last week|eng|MarketWatch|negativo|baixo|curto
J & J spinoff Kenvue prices IPO $ 22 , toward top end expected range|J&J spinoff Kenvue prices IPO at $22, toward the top end of expected range|eng|CNBC|neutro|baixo|curto
Uber CEO Dara Khosrowshahi Q1 earnings|Uber CEO Dara Khosrowshahi on Q1 earnings|eng|CNBC Television|neutro|baixo|curto
Nobel economist Paul Krugman takes jab Elon Musk says dollar dominance n't worth much America .|Nobel economist Paul Krugman takes a jab at Elon Musk and says dollar dominance isn't worth much to America.|eng|Business Insider India|neutro|baixo|neutro
Tesla hikes prices U.S. , China markets multiple cuts|Tesla hikes prices in U.S., China and other markets after multiple cuts|eng|CNBC|neutro|baixo|curto
President 's Administration Warns Financial Firms AI Risks – Presidential Prayer Team|President's Administration Warns Financial Firms of AI Risks – The Presidential Prayer Team|eng|The Presidential Prayer Team|neutro|baixo|neutro
Gold Price Forecast : XAU/USD prove resilient rate hikes – Commerzbank|Gold Price Forecast: XAU/USD to prove resilient to rate hikes – Commerzbank|eng|FXStreet|neutro|baixo|longo
New Covid-19 Vaccinations Slow Trickle|New Covid-19 Vaccinations Slow to a Trickle|eng|Statista|negativo|baixo|curto
New NJ Hospital Safety Ratings Released : See Best , Worst|New NJ Hospital Safety Ratings Released: See Best, Worst|eng|Patch|neutro|baixo|neutro
Mortgage demand falls despite decline rates|Mortgage demand falls despite a decline in rates|eng|HousingWire|negativo|baixo|curto
Boeing supplier Spirit Aero flags $ 31 million hit 737 fuselage defect|Boeing supplier Spirit Aero flags $31 million hit from 737 fuselage defect|eng|Yahoo News|negativo|baixo|curto
5 things know stock market opens Wednesday|5 things to know before the stock market opens Wednesday|eng|CNBC|neutro|baixo|curto
Wichita watch Spirit AeroSystems Inc. earnings Wednesday|What Wichita should watch for in Spirit AeroSystems Inc. earnings on Wednesday|eng|The Business Journals|neutro|baixo|curto
Fed 's Sentiment Less Hawkish Ahead Meeting|Fed's Sentiment Less Hawkish Ahead of Meeting|eng|TheStreet|neutro|baixo|curto
US Regional Lenders Notch Modest Gains Two-Day Slump|US Regional Lenders Notch Modest Gains After Two-Day Slump|eng|U.S. News & World Report|neutro|baixo|curto
General Mills issues recall specific bags Gold Medal Flour|General Mills issues recall to specific bags of Gold Medal Flour|eng|SFGATE|negativo|baixo|curto
‘ ’ Game Plan ’ : Bud Light Sales Collapse amid Backlash Dylan Mulvaney Campaign|‘There’s No Game Plan’: Bud Light Sales Collapse amid Backlash to Dylan Mulvaney Campaign|eng|Yahoo News|negativo|baixo|curto
AMD beats , still second-half 2023 story . 's|AMD beats, but is still a second-half 2023 story. Here's why|eng|CNBC|neutro|baixo|longo
Podcast : room Fed - interpreting Powell future hikes|Podcast: In the room with the Fed - interpreting Powell on future hikes|eng|Reuters|neutro|baixo|curto
US Senate Banking Committee announces May 18 hearing State banking credit union industry|US Senate Banking Committee announces May 18 hearing on State of the banking and credit union industry|eng|FXStreet|neutro|baixo|neutro
Top tech firm CEOs called AI meeting White House ANC|Top tech firm CEOs called to AI meeting at White House  ANC|eng|ANC 24/7|neutro|baixo|neutro
Tuesday Morning store Round Rock close end June|Tuesday Morning store in Round Rock to close by end of June|eng|Community Impact Newspaper|negativo|baixo|curto
DeepMind , LinkedIn Co-Founders Create AI Chatbot Small Talk - Microsoft ( NASDAQ : MSFT ) , Alphabet|DeepMind, LinkedIn Co-Founders Create AI Chatbot Just For Small Talk - Microsoft (NASDAQ:MSFT), Alphabet|eng|Benzinga|neutro|baixo|neutro
Oil Prices Continue Slip Even Crude Oil Inventories Decline|Oil Prices Continue To Slip Even As Crude Oil Inventories Decline|eng|OilPrice.com|negativo|baixo|curto
Big Law Attorney Billing Rate 15-Year Low , Wells Fargo Says|Big Law Attorney Billing Rate at 15-Year Low, Wells Fargo Says|eng|Bloomberg Law|neutro|baixo|curto
Wells Fargo CEO says regional banks strong , expects turmoil|Wells Fargo CEO says regional banks are strong, but expects turmoil|eng|Yahoo Finance|neutro|baixo|neutro
Giant Eagle cut prices 800 items starting tomorrow Today Pa .|Giant Eagle to cut prices on about 800 items starting tomorrow  Today in Pa.|eng|PennLive|positivo|baixo|curto
Nordstrom closing 2 San Francisco stores , cites 'dynamics ' downtown area|Nordstrom closing 2 San Francisco stores, cites 'dynamics' of downtown area|eng|Fox Business|neutro|baixo|curto
5s : Man 's Unconventional Strategy Nets $ 5M Lottery Scratcher|All About the 5s: Man's Unconventional Strategy Nets Him $5M Lottery Scratcher|eng|NBC Southern California|positivo|baixo|curto
Latest layoffs Unity include dozens employees Israel|Latest layoffs at Unity to include dozens of employees in Israel|eng|CTech|negativo|baixo|curto
Pfizer Stock : Covid Revenues Plummet — Badly Expected Investor 's Business Daily|Pfizer Stock: Covid Revenues Plummet — But Not As Badly As Expected  Investor's Business Daily|eng|Investor's Business Daily|neutro|baixo|curto
General Mills recalls bags Gold Medal flour potential presence salmonella # shorts|General Mills recalls some bags of Gold Medal flour over potential presence of salmonella #shorts|eng|CBS Evening News|negativo|baixo|curto
Tesla raises car prices globally , biggest increase China|Tesla raises car prices globally, with the biggest increase in China|eng|CNN|neutro|baixo|curto
Twitter restores free API access emergency , weather transportation alerts|Twitter restores free API access for emergency, weather and transportation alerts|eng|Engadget|positivo|baixo|neutro
Mortgage rates fall , buyers pull back latest week|Mortgage rates fall, but buyers pull back in latest week|eng|MarketWatch|negativo|baixo|curto
Tesla reverses course starts increase prices Australia , US China|Tesla reverses course and starts to increase prices Australia, US and China|eng|The Driven|neutro|baixo|curto
Options Action : Traders bet downside Pacific Western Bank|Options Action: Traders bet on further downside for Pacific Western Bank|eng|CNBC|negativo|baixo|curto
Ford cuts price Mustang Mach-E|Ford cuts price of the Mustang Mach-E again|eng|CNN|neutro|baixo|curto
McDonald 's franchisee employed 10-year-olds , U.S. Labor Department says|McDonald's franchisee employed 10-year-olds, U.S. Labor Department says|eng|Yahoo! Voices|negativo|baixo|curto
Growth Middle East , Central Asia slow amid global challenges - IMF|Growth in Middle East, Central Asia to slow amid global challenges - IMF|eng|Reuters|negativo|baixo|neutro
Safety grades dipped 19 Michigan hospitals . score ?|Safety grades dipped for 19 Michigan hospitals. How did yours score?|eng|MLive.com|negativo|baixo|curto
Tesla raises prices Model 3 , Model series|Tesla raises prices for Model 3, Model Y series|eng|Yahoo Finance|neutro|baixo|curto
Giant Eagle lock prices 800 items summer|Giant Eagle to lock prices on 800 items this summer|eng|CBS Pittsburgh|positivo|baixo|curto
Former Coinbase Official Balaji Srinivasan Closes $ 1 Million Bitcoin Bet Early|Former Coinbase Official Balaji Srinivasan Closes Out $1 Million Bitcoin Bet Early|eng|Yahoo Finance|positivo|baixo|curto
Spring sales hold steady Fraser Valley real estate market|Spring sales hold steady in Fraser Valley real estate market|eng|Yahoo Finance|neutro|neutro|neutro
Wells Fargo CEO Says Deposit Insurance ’ Go Far|Wells Fargo CEO Says Deposit Insurance Shouldn’t Go Too Far|eng|PYMNTS.com|neutro|neutro|neutro
Equities choppy Treasury yields , dollar retreat choppy trading Fed hikes rates Reuters|Equities choppy while Treasury yields, dollar retreat in choppy trading after Fed hikes rates By Reuters|eng|Investing.com|neutro|neutro|neutro
Passenger banned assault employee California airport , airline says|Passenger banned after assault on employee at California airport, airline says|eng|Sacramento Bee|negativo|neutro|neutro
Stocks meander Treasuries , dollar fall traders wait Fed Reuters|Stocks meander while Treasuries, dollar fall as traders wait on the Fed By Reuters|eng|Investing.com|neutro|neutro|neutro
Store Closures : Future Downtown San Francisco|Store Closures: The Future of Downtown San Francisco|eng|NBC Bay Area|negativo|neutro|neutro
Read WWE 's Entire Q1 2023 Results Release , Including Details UFC-Endeavor Deal|Read WWE's Entire Q1 2023 Results Release, Including Details On UFC-Endeavor Deal|eng|Wrestling Inc.|neutro|neutro|neutro
Passenger United Airlines flight Texas allegedly punches flight attendants , attempts jump plane|Passenger on United Airlines flight to Texas allegedly punches flight attendants, attempts to jump from plane|eng|Fox Business|negativo|neutro|neutro
Rivian R1S SUV Earns IIHS TOP SAFETY PICK+ , Joining R1T Pickup|Rivian R1S SUV Earns IIHS TOP SAFETY PICK+, Joining R1T Pickup|eng|Yahoo Finance|positivo|neutro|neutro
Altcoin Season Cards Still Possible ?|Is Altcoin Season off the Cards or Still Possible?|eng|BeInCrypto|neutro|neutro|neutro
Twitter restores API access MTA 's withdrawal estimated $ 50K charges weather , transit alerts|Twitter restores API access after MTA's withdrawal over estimated $50K charges for weather, transit alerts|eng|New York Post|neutro|neutro|neutro
Fed 's threshold rate cuts still looks incredibly high : JPMorgan|Fed's threshold for rate cuts still looks incredibly high: JPMorgan|eng|CNBC|negativo|neutro|neutro
Elon Threatens Take @ NPR Away Email Tantrum|Elon Threatens to Take @NPR Away in Email Tantrum|eng|Gizmodo|negativo|neutro|neutro
FTC Chair Lina Khan says 's alert abusive A.I . use|FTC Chair Lina Khan says she's on alert for abusive A.I. use|eng|CNBC|neutro|neutro|neutro
Watch 'Bloomberg Markets : China Open ' Full Show ( 05/03/2023 )|Watch 'Bloomberg Markets: China Open' Full Show (05/03/2023)|eng|Bloomberg|neutro|neutro|neutro
U.S. Composite PMI rises largely line expectations final April print|U.S. Composite PMI rises largely in line with expectations in final April print|eng|Seeking Alpha|neutro|neutro|neutro
JPMorgan Chase big ?|Is JPMorgan Chase too big?|eng|NPR|neutro|neutro|neutro
Workers set multiple careers jobs demand new skills|Workers set for multiple careers as jobs demand new skills|eng|World Economic Forum|neutro|neutro|neutro
Airbnb push rooms low-cost option house rentals|Airbnb will push rooms as low-cost option to house rentals|eng|The Associated Press|neutro|neutro|neutro
Investigation finds 10-year-old children working unpaid Louisville McDonald 's|Investigation finds 10-year-old children working unpaid at Louisville McDonald's|eng|WDRB|negativo|neutro|neutro
European space giants join forces IRIS²|European space giants join forces for IRIS²|eng|SpaceNews|neutro|neutro|neutro
homebuyers higher credit scores paying higher mortgage fees ?|Are homebuyers with higher credit scores paying higher mortgage fees?|eng|KEYE TV CBS Austin|neutro|neutro|neutro
Editorial : Bud Light brew-haha|Editorial: The Bud Light brew-haha|eng|St. Louis Post-Dispatch|neutro|neutro|neutro
Twitter Citizen Takes Automated Subway Service Alerts Hands|Twitter Citizen Takes Automated Subway Service Alerts Into His Own Hands|eng|Streetsblog USA|neutro|neutro|neutro
Little Fires Banks Give Fed Something Else Discuss|Little Fires in Banks Will Give Fed Something Else to Discuss|eng|Bloomberg|neutro|neutro|neutro
Ex Barclays boss accused abusing girls visit Epstein 's island retreat , lawsuit claims|Ex Barclays boss accused of abusing girls during a visit to Epstein's island retreat, lawsuit claims|eng|Daily Mail|negativo|neutro|neutro
Breakdown : Higher credit score , higher homebuyer fees ?|The Breakdown: Higher credit score, higher homebuyer fees?|eng|WWLTV|neutro|neutro|neutro
3 Top Canadian Bank Stocks Buy May|3 Top Canadian Bank Stocks to Buy in May|eng|The Motley Fool|positivo|neutro|neutro
Vice made promises could n't keep : Media Reporter|Vice made promises it couldn't keep: Media Reporter|eng|Yahoo Finance|negativo|neutro|neutro
Banking sector valuation still attractive|Banking sector valuation still attractive|eng|The Star Online|positivo|neutro|neutro
Airline passenger seen punching flight attendant video|Airline passenger seen punching flight attendant in video|eng|CBS News|negativo|neutro|neutro
Treasury yields fall investors await Fed meeting , weigh policy expectations|Treasury yields fall as investors await Fed meeting, weigh policy expectations|eng|CNBC|neutro|neutro|neutro
Charts Four Banks Pretty Much Say|The Charts of These Four Banks Pretty Much Say It All|eng|RealMoney|neutro|neutro|neutro
Real estate expert shares advice protesting property value|Real estate expert shares advice on protesting your property value|eng|9NEWS|neutro|neutro|neutro
Colorado Attorney General Phil Weiser host local listening session Kroger-Albertsons merger Edwards|Colorado Attorney General Phil Weiser to host local listening session on Kroger-Albertsons merger in Edwards|eng|Vail Daily|neutro|neutro|neutro
Starbucks ' new CEO lays improvement plan|Starbucks' new CEO lays out improvement plan|eng|CNN|positivo|neutro|neutro
Bailouts wo n't prevent financial crisis|Bailouts won't prevent a financial crisis|eng|UnHerd|negativo|neutro|neutro
Healthy Fed Delay Hike : StanChart 's Englander|Healthy for Fed to Delay Hike: StanChart's Englander|eng|Bloomberg|positivo|neutro|neutro
Elon Musk Dunks 'Woke ' Vice 's Looming Bankruptcy|Elon Musk Dunks on 'Woke' Vice's Looming Bankruptcy|eng|The Daily Beast|negativo|neutro|neutro
Fed 's next move : Pause , pivot hike ?|The Fed's next move: Pause, pivot or hike?|eng|Forex Factory|neutro|neutro|neutro
Two keys establishing comprehensive cybersecurity strategy|Two keys to establishing a comprehensive cybersecurity strategy|eng|Federal News Network|neutro|neutro|neutro
Bud Light-Dylan Mulvaney : Trans actor Ian Harvie reacts situation|Bud Light-Dylan Mulvaney: Trans actor Ian Harvie reacts to situation|eng|AdAge.com|neutro|neutro|neutro
'Bloomberg Technology ' Full Show ( 05/01/2023 )|'Bloomberg Technology' Full Show (05/01/2023)|eng|Bloomberg Technology|neutro|neutro|neutro
Meme Coin Season Back ? ’ Numbers Say|Is Meme Coin Season Back? Here’s What The Numbers Say|eng|NewsBTC|neutro|neutro|neutro
KVUE Stock : Buy Kenvue IPO ?|KVUE Stock: Should You Buy Into the Kenvue IPO?|eng|InvestorPlace|neutro|neutro|neutro
Twitter restores free access verified tool , MTA withdrawal|Twitter restores free access to verified tool, after MTA withdrawal|eng|FOX 5 New York|neutro|neutro|neutro
Stock Market Today : Dow , & P Live Updates May 3|Stock Market Today: Dow, S&P Live Updates for May 3|eng|Bloomberg|neutro|neutro|neutro
Tech companies ramping AI efforts cutting ethics teams 'might good look , ' feds warn|Tech companies ramping up AI efforts while cutting ethics teams 'might not be a good look,' feds warn|eng|MarketWatch|negativo|neutro|neutro
Kamala Harris discuss A.I . meeting Google , Microsoft , OpenAI Anthropic CEOs|Kamala Harris to discuss A.I. in meeting with Google, Microsoft, OpenAI and Anthropic CEOs|eng|CNBC|neutro|neutro|neutro
Giant Eagle 's interim CEO aims win former customers back|Giant Eagle's interim CEO aims to win former customers back|eng|Pittsburgh Post-Gazette|positivo|neutro|neutro
Elon Musk threatens reassign @ NPR Twitter 'another company '|Elon Musk threatens to reassign @NPR on Twitter to 'another company'|eng|NPR|negativo|neutro|neutro
Carl Icahn , Activist Investor , Becomes Target Short Seller|Carl Icahn, Activist Investor, Becomes Target of Short Seller|eng|The New York Times|neutro|neutro|neutro
Starbucks CFO : incredibly proud recovery saw quarter China|Starbucks CFO: We were incredibly proud of the recovery that we saw in the quarter in China|eng|CNBC Television|positivo|neutro|neutro
Google , Microsoft CEOs called AI meeting White House|Google, Microsoft CEOs called to AI meeting at White House|eng|Reuters|neutro|neutro|neutro
Michael Milken says recent crisis mistake banks making decades|Michael Milken says recent crisis is the same mistake banks have been making for decades|eng|CNBC|neutro|neutro|neutro
Uber , Pfizer , Marriott rise premarket ; Tesla , Chegg fall Investing.com|Uber, Pfizer, Marriott rise premarket; Tesla, Chegg fall By Investing.com|eng|Investing.com|neutro|neutro|neutro
AI Could Tame ?|What If AI Could Tame Itself?|eng|HT Tech|neutro|neutro|neutro
Co-founder new AI assistant hopes change people search information online|Co-founder of new AI assistant hopes it will change how people search for information online|eng|WPLG Local 10|positivo|neutro|neutro
Biglaw 's Brand New Billion-Dollar Club|Biglaw's Brand New Billion-Dollar Club|eng|Above the Law|positivo|neutro|neutro
JPMorgan Chase grown large ? former White House economic advisor weighs|Has JPMorgan Chase grown too large? A former White House economic advisor weighs in|eng|WUSF Public Media|neutro|neutro|neutro
Former CEOs failed banks testify Senate panel|Former CEOs of failed banks to testify before Senate panel|eng|The Associated Press|neutro|neutro|neutro
future work disruptive , need dystopian|The future of work will be disruptive, but it need not be dystopian|eng|Arab News|positivo|neutro|neutro
Hawaii Health Department says toss recalled flour linked salmonella|Hawaii Health Department says to toss recalled flour linked to salmonella|eng|Honolulu Star-Advertiser|neutro|neutro|neutro
Hon Hai says Lordstown talks ongoing despite contract breach|Hon Hai says Lordstown talks ongoing despite contract breach|eng|Focus Taiwan|neutro|neutro|neutro
Democratic congresswoman sold First Republic stock bought JPMorgan bank sale , financial disclosures show|Democratic congresswoman sold First Republic stock and bought JPMorgan just before bank sale, financial disclosures show|eng|CNN|neutro|neutro|neutro
Paul Krugman says dollar dominance overrated , takes jab Elon Musk|Paul Krugman says dollar dominance is overrated, takes a jab at Elon Musk|eng|Markets Insider|neutro|neutro|neutro
Uber Technologies Stock Relative Strength Rises Yet|Uber Technologies Stock Relative Strength Rises Yet Again|eng|Investor's Business Daily|positivo|neutro|neutro
Randstad CEO : A.I . support tasks , human skills still needed|Randstad CEO: A.I. will support tasks, but human skills still needed|eng|CNBC International TV|neutro|neutro|neutro
Tech : Even tech gifts Mother 's Day|What The Tech: Even more tech gifts for Mother's Day|eng|Hawaii News Now|neutro|neutro|neutro
Inside strained union Boeing Spirit AeroSystems|Inside the strained union of Boeing and Spirit AeroSystems|eng|The Air Current|neutro|neutro|neutro
First Quarter 2023 Shipments Revenues|First Quarter 2023 Shipments and Revenues|eng|Stellantis|neutro|neutro|neutro
Five Things Need Know Start Day|Five Things You Need to Know to Start Your Day|eng|Bloomberg|neutro|neutro|neutro
Moderna ( MRNA ) Q1 2023 Earnings : Expect|Moderna (MRNA) Q1 2023 Earnings: What to Expect|eng|Nasdaq|neutro|neutro|neutro
Remember Mom unique gifts - Jamestown Sun News , weather , sports Jamestown North Dakota|Remember Mom with unique gifts - Jamestown Sun  News, weather, sports from Jamestown North Dakota|eng|The Jamestown Sun|neutro|neutro|neutro
Michael Milken banking turmoil : another financial crisis|Michael Milken on the banking turmoil: This is not another financial crisis|eng|Yahoo Finance|neutro|neutro|neutro
WATTEV TAKE DELIVERY FIRST BATCH 14 NIKOLA TRE BEV TRUCKS|WATTEV TO TAKE DELIVERY OF FIRST BATCH OF 14 NIKOLA TRE BEV TRUCKS|eng|Yahoo Finance|positivo|neutro|neutro
Nordstrom latest retailer leave San Francisco|Nordstrom is the latest retailer to leave San Francisco|eng|CNN|negativo|neutro|neutro
Airbnb Wants Turn Users Back Couchsurfers|Airbnb Wants to Turn Its Users Back Into Couchsurfers|eng|Gizmodo|neutro|neutro|neutro
Airbnb Revamps Site Ease Tensions Guests , Hosts|Airbnb Revamps Site to Ease Tensions Between Guests, Hosts|eng|Bloomberg|neutro|neutro|neutro
. Freaking . Last . Airbnb fixing core design problems , says CEO Brian Chesky|At. Freaking. Last. Airbnb is fixing its core design problems, says CEO Brian Chesky|eng|Fast Company|positivo|neutro|neutro
Live Coverage|Live Coverage|eng|Barron's|neutro|neutro|neutro
NYC ’ new rule separating yard waste another useless Sanitation decree ( opinion )|NYC’s new rule on separating yard waste another useless Sanitation decree (opinion)|eng|SILive.com|negativo|neutro|neutro
Arguing passengers kicked Frontier flight takeoff N.J .|Arguing passengers kicked off Frontier flight before takeoff from N.J.|eng|NJ.com|negativo|neutro|neutro
Airbnb rolls Rooms , price fee transparency|Airbnb rolls out Rooms, price and fee transparency|eng|Axios|neutro|neutro|neutro
Airbnb finally making hidden fees cleaning instructions transparent|Airbnb is finally making its hidden fees and cleaning instructions more transparent|eng|The Points Guy|positivo|neutro|neutro
Better Buy : Bank Montreal Bank Nova Scotia Stock ?|Better Buy: Bank of Montreal or Bank of Nova Scotia Stock?|eng|Yahoo Canada Finance|neutro|neutro|neutro
Establishing New Positions Ahead Fed Decision Feels Like Coin Toss|Establishing New Positions Ahead of This Fed Decision Feels Like a Coin Toss|eng|RealMoney|neutro|neutro|neutro
Opinion Go First Bankruptcy : Stricter Scrutiny Airline Finances Need Hour|Opinion  Go First Bankruptcy: Stricter Scrutiny of Airline Finances Need of the Hour|eng|News18|neutro|neutro|neutro
NPR : Elon Musk threatens reassign news outlet 's Twitter account|NPR: Elon Musk threatens to reassign news outlet's Twitter account|eng|CNBC Television|negativo|neutro|neutro
New York ’ Giant Trash Bag Piles May Endangered Species|Why New York’s Giant Trash Bag Piles May Be an Endangered Species|eng|Yahoo! Voices|neutro|neutro|neutro
Big banks better situated , says Hightower 's Stephanie Link|Big banks are better situated, says Hightower's Stephanie Link|eng|CNBC Television|positivo|neutro|neutro
IBM 's CEO says Bankers Pitching Deal Possibilities|IBM's CEO says Bankers Are Pitching Him Deal Possibilities|eng|Bloomberg|neutro|neutro|neutro
Lance Askildson : ChatGPT never replace writers , educators humans general|Lance Askildson: Here is why ChatGPT can never replace writers, educators or humans in general|eng|Chicago Tribune|neutro|neutro|neutro
CVS finishes acquisition Oak Street Health|CVS finishes acquisition of Oak Street Health|eng|Medical Economics|positivo|neutro|neutro
Beloved Hot Dog Diner sale|Beloved Hot Dog Diner up for sale|eng|cleveland.com|neutro|neutro|neutro
Twitter makes API free public announcement accounts|Twitter makes its API free for public announcement accounts|eng|TechCrunch|positivo|neutro|neutro
Shopify Stock Buy ?|Is Shopify Stock a Buy Now?|eng|The Motley Fool|neutro|neutro|neutro
Wall Street wants see AMD rebound 2 key businesses . analysts disagree play stock|Wall Street wants to see if AMD can rebound in 2 key businesses. But analysts disagree on how to play the stock|eng|CNBC|neutro|neutro|neutro
Co-founders Google DeepMind LinkedIn launch chatbot|Co-founders of Google DeepMind and LinkedIn launch chatbot|eng|Financial Times|neutro|neutro|neutro
26 best Mother ’ Day gift ideas 2023 say 'you ’ pretty love ! ’|26 best Mother’s Day gift ideas in 2023 that say 'you’re so pretty and I love you!’|eng|Yahoo Canada Shine On|neutro|neutro|neutro
banking crisis ? Depends mean|Is the banking crisis over? Depends what you mean by over|eng|American Banker|neutro|neutro|neutro
's current bank crisis different past crises : Davis Advisors ' Chris Davis|Here's why the current bank crisis is very different than past crises: Davis Advisors' Chris Davis|eng|CNBC Television|neutro|neutro|neutro
Anheuser-Busch Stock Solid Defensive Pick 2023|Anheuser-Busch Stock Is a Solid Defensive Pick for 2023|eng|InvestorPlace|positivo|neutro|neutro
AMD creates new unified AI team Victor Peng|AMD creates new unified AI team under Victor Peng|eng|The Stack|neutro|neutro|neutro
White House says Biden taking banking turmoil ‘ seriously ’|White House says Biden is taking banking turmoil ‘very seriously’|eng|MarketWatch|neutro|neutro|neutro
Alarming Number Working Americans Making One Massive Mistake Switch Jobs — 's Instead|An Alarming Number of Working Americans Are Making This One Massive Mistake When They Switch Jobs — Here's What You Should Do Instead|eng|MoneyWise|neutro|neutro|neutro
Carpenter : n't think Fed members page whether last rate hike|Carpenter: Don't think Fed members are on the same page on whether this is the last rate hike|eng|CNBC Television|neutro|neutro|neutro
Inflection AI , Startup Ex-DeepMind Leaders , Launches Pi — Chattier Chatbot|Inflection AI, Startup From Ex-DeepMind Leaders, Launches Pi — A Chattier Chatbot|eng|Forbes|neutro|neutro|neutro
20 surefire Mother 's Day gifts Amazon 'll want order ASAP|20 surefire Mother's Day gifts on Amazon you'll want to order ASAP|eng|AOL|neutro|neutro|neutro
1 Ridiculously Simple Retirement Savings Hack 'll Wish 'd Known Sooner|1 Ridiculously Simple Retirement Savings Hack You'll Wish You'd Known Sooner|eng|The Motley Fool|positivo|neutro|neutro
Go First bankruptcy n't end Indian airline , says owner|Go First bankruptcy isn't the end of the Indian airline, says owner|eng|CNN|neutro|neutro|neutro
7 things need know Wednesday , May 3|The 7 things you need to know for Wednesday, May 3|eng|The Washington Post|neutro|neutro|neutro
Stellantis cautious road ahead first quarter revenue boost|Stellantis cautious on road ahead after first quarter revenue boost|eng|Reuters|neutro|neutro|neutro
Stay Away Flour Products , Unless Crave Salmonella|Stay Away From These Flour Products, Unless You Crave Salmonella|eng|Gizmodo|negativo|neutro|neutro
Meet Pi , ChatGPT-like AI personal assistance emotional support|Meet Pi, a ChatGPT-like AI for personal assistance and emotional support|eng|Interesting Engineering|neutro|neutro|neutro
Elon Musk Issues Not-So-Subtle Threat NPR Tweeting|Elon Musk Issues Not-So-Subtle Threat To NPR For Not Tweeting|eng|HuffPost|negativo|neutro|neutro
Stellantis revenues , shipments 1st quarter|Stellantis revenues, shipments up in 1st quarter|eng|Detroit Free Press|positivo|neutro|neutro
Gas-Guzzler Business Still Trucking|The Gas-Guzzler Business Is Still Trucking|eng|The Wall Street Journal|neutro|neutro|neutro
Markets keep assuming Federal Reserve 's next rate hike last|Markets keep assuming the Federal Reserve's next rate hike will be the last|eng|Washington Examiner|neutro|neutro|neutro
Unruly passenger punches flight attendant GMA|Unruly passenger punches flight attendant  GMA|eng|Good Morning America|negativo|neutro|neutro
Job openings declined 9.59 million March|Job openings declined to 9.59 million in March|eng|CNBC Television|negativo|neutro|neutro
McDonald 's Louisville : Two 10-year-olds found working shifts|McDonald's in Louisville: Two 10-year-olds found working shifts|eng|Courier Journal|negativo|neutro|neutro
Market @ Lunch|Market@Lunch|eng|Business Today|neutro|neutro|neutro
US Lawmakers Query Nike , Adidas Forced Labor China|US Lawmakers Query Nike, Adidas Over Forced Labor in China|eng|Bloomberg|neutro|neutro|neutro
hospitals getting safer ? New report Leapfrog Group released .|Are hospitals getting safer? New report from Leapfrog Group released.|eng|USA TODAY|neutro|neutro|neutro
New reversal Twitter move sparked MTA withdrawal|New reversal by Twitter after move sparked MTA withdrawal|eng|Herald Palladium|neutro|neutro|neutro
Ford ( NYSE : F ) Follows Tesla ’ Suit|Ford (NYSE:F) Follows Tesla’s Suit|eng|TipRanks|neutro|neutro|neutro
One Done|One And Done|eng|Seeking Alpha|neutro|neutro|neutro
New IL Hospital Safety Ratings Released : 6 Get Grade , 29 Get|New IL Hospital Safety Ratings Released: 6 Get D Grade, 29 Get A|eng|Patch|neutro|neutro|neutro
WWE ’ Q1 financials focus company ’ hot product , revenue decline|WWE’s Q1 financials focus on company’s hot product, not revenue decline|eng|Cageside Seats|positivo|neutro|neutro
10-year-olds found working drive-thru Louisville McDonald 's|10-year-olds found working drive-thru at Louisville McDonald's|eng|WTVQ|negativo|neutro|neutro
Treasury yields stay heavy far day|Treasury yields stay heavy so far on the day|eng|ForexLive|neutro|neutro|neutro
Mortgage Rates Fully Erase Monday 's Surge|Mortgage Rates Fully Erase Monday's Surge|eng|Mortgage News Daily|neutro|neutro|neutro
Rate hikes : ‘ could certainly see Fed pause May , ’ strategist says|Rate hikes: ‘We could certainly see the Fed pause in May,’ strategist says|eng|Yahoo Finance|neutro|neutro|neutro
Passengers Furious Go First Suspends Flights ; Accuse “ Harassing Customers Cheating ”|Passengers Furious As Go First Suspends Flights; Accuse Them Of “Harassing Customers And Cheating”|eng|The Indian Express|negativo|neutro|neutro
Watch Bloomberg Markets : Americas Full Show ( 05/01/2023 )|Watch Bloomberg Markets: Americas Full Show (05/01/2023)|eng|Bloomberg|neutro|neutro|neutro
US Regional Bank Shares Struggle Find Rebound|US Regional Bank Shares Struggle to Find a Rebound|eng|Bloomberg Television|negativo|neutro|neutro
US private payrolls increase solidly ; wage growth cools|US private payrolls increase solidly; wage growth cools|eng|Yahoo Finance|neutro|neutro|neutro
US services sector still growing ; inflation remains sticky|US services sector still growing; inflation remains sticky|eng|Yahoo Finance|neutro|neutro|neutro
Stocks making biggest moves midday : Uber , Chegg , Dell , PacWest , SoFi &|Stocks making the biggest moves midday: Uber, Chegg, Dell, PacWest, SoFi & more|eng|CNBC|neutro|neutro|neutro
Cleveland Clinic , University Hospitals get top marks patient safety Leapfrog rankings|Cleveland Clinic, University Hospitals get top marks for patient safety in Leapfrog rankings|eng|cleveland.com|positivo|neutro|neutro
European space companies launch bid secure satellite network|European space companies launch bid for secure satellite network|eng|C4ISRNET|positivo|neutro|neutro
Big Law Surprisingly 'Strong ' Far 2023 , Cuts Could Way American Lawyer|Big Law Surprisingly 'Strong' so Far in 2023, but More Cuts Could Be on the Way  The American Lawyer|eng|Law.com|neutro|neutro|neutro
SoFi CEO Noto : Consumers Moving Quality , Trust|SoFi CEO Noto: Consumers Moving to Quality, Trust|eng|Bloomberg Technology|positivo|neutro|neutro
AMD Says AI No.1 Strategic Priority Instinct MI300 Leading Charge Later Year|AMD Says AI Is Its No.1 Strategic Priority With Instinct MI300 Leading The Charge Later This Year|eng|Wccftech|positivo|neutro|neutro
banks competing money market funds , : Wedbush 's David Chiaverini|The banks are competing with money market funds, not just each other: Wedbush's David Chiaverini|eng|CNBC Television|neutro|neutro|neutro
JPMorgan Steals First Republic !|JPMorgan Steals First Republic!|eng|Sports News Now 24|negativo|neutro|neutro
Wednesday 's biggest Wall Street analyst calls : AAPL , DIS , AMD , COIN|Wednesday's biggest Wall Street analyst calls: AAPL, DIS, AMD, COIN|eng|CNBC|neutro|neutro|neutro
Opinion : JP Morgan Chase CEO Jamie Dimon may history 's important banker|Opinion: JP Morgan Chase CEO Jamie Dimon may be history's most important banker|eng|Crain's Chicago Business|neutro|neutro|neutro
Opinion : makes sense Fed raise interest rates week|Opinion: It makes no sense for the Fed to raise interest rates this week|eng|CNN|negativo|neutro|neutro
10 Best Coach Deals Ahead Mother 's Day 50 % — Yes , Disney Styles Included|The 10 Best Coach Deals Ahead of Mother's Day Are Up to 50% Off — and Yes, Disney Styles Are Included|eng|PEOPLE|positivo|neutro|neutro
Markets ‘ heels extreme volatility , ’ Ares Global Head says|Markets ‘on the heels of extreme volatility,’ Ares Global Head says|eng|Yahoo Finance|neutro|neutro|neutro
110 lawyers leave BigLaw firm join new shop|More than 110 lawyers leave this BigLaw firm to join new shop|eng|ABA Journal|neutro|neutro|neutro
Congress presses Chinese fast-fashion giant Shein forced labor|Congress presses Chinese fast-fashion giant Shein on forced labor|eng|CNN|neutro|neutro|neutro
Passengers Vote Woman NJ Flight Viral TikTok Videos|Passengers Vote Woman Off NJ Flight In Viral TikTok Videos|eng|Daily Voice|neutro|neutro|neutro
